	word	stress_pos	nr_syll
0	привет	1	2
1	поговорим	1	4
2	такое	2	3
3	естественный	3	4
4	язык	1	2
5	работают	3	4
6	самых	2	2
7	общих	2	2
8	чертах	1	2
9	формально	2	3
10	определить	1	4
11	множество	3	3
12	цепочек	2	3
13	символов	3	3
14	некоторого	5	5
15	алфавита	2	4
16	которые	3	4
17	некоторым	4	4
18	правилам	2	3
19	отдельно	2	3
20	взятая	3	3
21	цепочка	2	3
22	построенная	4	5
23	этим	2	2
24	это	2	2
25	алфавит	1	3
26	построения	3	5
27	текстов	2	2
28	идее	2	3
29	каждая	3	3
30	должна	2	2
31	нести	1	2
32	информацию	3	5
33	практике	3	3
34	самое	3	3
35	интересное	3	5
36	этом	2	2
37	правила	3	3
38	хотим	1	2
39	работать	2	3
40	текстами	3	3
41	естественном	3	4
42	языке	1	3
43	общий	2	2
44	алгоритм	1	3
45	сводится	3	3
46	глобальным	2	3
47	шагам	1	2
48	понятно	2	3
49	нужно	2	2
50	выучить	3	3
51	понять	1	2
52	самим	1	2
53	запрограммировать	3	6
54	обучить	1	3
55	классификатор	2	5
56	наши	2	2
57	этому	3	3
58	тексту	2	2
59	именно	1	3
60	было	2	2
61	построено	3	4
62	каждое	3	3
63	конкретное	3	4
64	предложение	3	5
65	фронте	2	2
66	перемен	1	3
67	предисловие	3	5
68	эта	2	2
69	книга	2	2
70	является	3	4
71	обвинением	3	5
72	исповедью	4	4
73	попытка	2	3
74	рассказать	1	3
75	поколении	3	5
76	которое	3	4
77	погубила	2	4
78	война	1	2
79	жертвой	2	2
80	спасся	2	2
81	снарядов	2	3
82	глава	1	2
83	первая	3	3
84	стоим	1	2
85	девяти	1	3
86	километрах	2	4
87	передовой	1	4
88	сменили	2	3
89	желудки	2	3
90	набиты	2	3
91	фасолью	2	3
92	мясом	2	2
93	ходим	2	2
94	сытые	3	3
95	довольные	3	4
96	ужин	1	2
97	каждому	3	3
98	досталось	2	3
99	полному	3	3
100	котелку	1	3
101	того	1	2
102	двойную	2	3
103	порцию	3	3
104	хлеба	2	2
105	колбасы	2	3
106	словом	2	2
107	неплохо	2	3
108	такого	2	3
109	нами	2	2
110	уже	2	2
111	случалось	2	3
112	кухонный	3	3
113	своей	1	2
114	багровой	2	3
115	помидор	1	3
116	лысиной	3	3
117	поесть	1	2
118	машет	2	2
119	черпаком	1	3
120	отваливает	4	5
121	здоровенные	3	5
122	порции	3	3
123	опорожнит	1	4
124	его	1	2
125	отчаяние	4	5
126	раздобыли	2	4
127	несколько	3	3
128	тазов	2	2
129	наполнили	3	4
130	запас	1	2
131	сделал	2	2
132	обжорства	2	3
133	осторожности	3	5
134	девается	3	4
135	загадка	2	3
136	равно	1	2
137	тощим	2	2
138	главное	3	3
139	курево	3	3
140	выдано	3	3
141	двойными	2	3
142	порциями	4	4
143	каждого	3	3
144	десять	2	2
145	сигар	1	2
146	двадцать	2	2
147	сигарет	1	3
148	плитки	2	2
149	жевательного	4	5
150	табаку	1	3
151	общем	2	2
152	довольно	2	3
153	прилично	2	3
154	табак	1	2
155	выменял	3	3
156	сигареты	2	4
157	меня	1	2
158	сорок	1	2
159	один	1	2
160	протянуть	1	3
161	собственно	3	3
162	положено	3	4
163	такую	2	3
164	щедрость	2	2
165	начальство	2	3
166	способно	2	3
167	просто	2	2
168	повезло	1	3
169	недели	2	3
170	отправили	3	4
171	передовую	2	5
172	сменять	1	2
173	другую	2	3
174	нашем	2	2
175	участке	2	3
176	спокойно	2	3
177	нашего	3	3
178	возвращения	3	5
179	каптенармус	2	4
180	довольствие	3	4
181	обычной	2	3
182	раскладке	2	3
183	распорядился	2	5
184	варить	1	2
185	роту	2	2
186	пятьдесят	1	3
187	человек	1	3
188	последний	2	3
189	англичане	2	4
190	подбросили	3	4
191	свои	1	2
192	мясорубки	2	4
193	пренеприятные	3	6
194	штуковины	3	4
195	били	2	2
196	нашим	2	2
197	окопам	2	3
198	понесли	1	3
199	потери	2	3
200	вернулось	2	3
201	восемьдесят	4	4
202	прибыли	3	3
203	растянулись	2	4
204	нарах	2	2
205	первым	2	2
206	делом	2	2
207	выспаться	3	3
208	войне	1	2
209	скверно	2	2
210	побольше	2	3
211	поспать	1	2
212	поспишь	1	2
213	тянутся	3	3
214	первые	3	3
215	стали	2	2
216	выползать	1	3
217	бараков	2	3
218	полдень	2	2
219	прихватили	2	4
220	котелки	1	3
221	собрались	1	3
222	дорогого	2	4
223	нашему	3	3
224	сердцу	2	2
225	которого	3	4
226	пахло	2	2
227	наваристым	3	4
228	вкусным	2	2
229	разумеется	3	5
230	первыми	3	3
231	очереди	4	4
232	стояли	2	3
233	кого	1	2
234	самый	2	2
235	большой	1	2
236	аппетит	1	3
237	коротышка	2	4
238	самая	3	3
239	светлая	3	3
240	голова	1	3
241	роте	2	2
242	ефрейторы	3	4
243	который	2	3
244	собой	1	2
245	учебники	3	4
246	мечтает	2	3
247	льготные	3	3
248	экзамены	3	4
249	ураганным	2	4
250	зубрит	1	2
251	законы	2	3
252	физики	3	3
253	носит	2	2
254	окладистую	4	5
255	бороду	3	3
256	питает	2	3
257	слабость	2	2
258	девицам	2	3
259	публичных	2	3
260	домов	1	2
261	офицеров	2	4
262	божится	2	3
263	приказ	1	2
264	армии	3	3
265	этих	2	2
266	девиц	1	2
267	носить	1	2
268	белье	1	2
269	посетителей	3	5
270	чине	2	2
271	капитана	2	4
272	выше	2	2
273	ванну	2	2
274	четверым	1	3
275	девятнадцати	3	5
276	четверо	3	3
277	ушли	1	2
278	одного	1	3
279	класса	2	2
280	стоят	1	2
281	друзья	1	2
282	слесарь	2	2
283	тщедушный	2	3
284	одних	1	2
285	прожорливый	3	4
286	солдат	1	2
287	еду	2	2
288	садится	2	3
289	тонким	2	2
290	стройным	2	2
291	пузатым	2	3
292	насосавшийся	3	5
293	ровесник	2	3
294	свободно	2	3
295	может	2	2
296	руку	2	2
297	буханку	2	3
298	спросить	1	2
299	отгадайте	2	4
300	кулаке	1	3
301	крестьянин	2	3
302	думает	3	3
303	хозяйстве	2	3
304	жене	1	2
305	душа	1	2
306	отделения	3	5
307	характером	3	4
308	умница	3	3
309	ему	1	2
310	него	1	2
311	землистое	3	4
312	лицо	1	2
313	голубые	2	4
314	глаза	1	2
315	покатые	3	4
316	плечи	2	2
317	необыкновенный	2	6
318	обстрел	1	2
319	разжиться	2	3
320	съестным	1	2
321	лучше	2	2
322	всего	1	2
323	укрыться	2	3
324	начальства	2	3
325	знаменитый	2	4
326	купец	1	2
327	звали	2	2
328	легенд	1	2
329	широте	1	3
330	натуры	2	3
331	ходило	2	3
332	немало	2	3
333	ярко	2	2
334	описал	1	3
335	фигуру	2	3
336	русский	2	2
337	публицист	1	3
338	экстравагантные	3	6
339	выходки	3	3
340	особенно	3	4
341	знаменитые	3	5
342	пиры	1	2
343	которых	2	3
344	появлялся	2	4
345	разных	2	2
346	кавказском	2	3
347	бухарском	2	3
348	римским	2	2
349	гладиатором	3	5
350	тигровой	2	3
351	шкурой	2	2
352	спине	1	2
353	нему	1	2
354	чудному	3	3
355	сложению	3	4
356	отработанным	3	5
357	мускулам	3	3
358	пишет	2	2
359	огромному	3	4
360	особняку	1	4
361	гуляли	2	3
362	ручных	1	2
363	тигра	2	2
364	ужас	2	2
365	одной	1	2
366	фабрик	2	2
367	держал	1	2
368	ручного	2	3
369	серого	3	3
370	волка	2	2
371	этот	2	2
372	особому	3	4
373	развлечению	3	5
374	хозяина	3	4
375	любил	2	2
376	печенье	2	3
377	пироги	2	3
378	накрытого	3	4
379	приходу	2	3
380	гостей	1	2
381	стола	1	2
382	подвале	2	3
383	медведь	1	2
384	которым	2	3
385	хозяин	2	3
386	помериться	3	4
387	после	1	2
388	свадьбы	2	2
389	подарил	1	3
390	молодой	1	3
391	огромный	2	3
392	ящик	2	2
393	открыли	2	3
394	качестве	3	3
395	подарка	2	3
396	находился	2	4
397	громадный	2	3
398	живой	1	2
399	крокодил	1	3
400	поразил	1	3
401	москвичей	1	3
402	эксцентрическими	4	6
403	выходками	4	4
404	поступком	2	3
405	глубоко	1	3
406	верующего	5	5
407	страдающего	4	5
408	человека	2	4
409	прожил	1	2
410	года	2	2
411	смерти	2	2
412	тысяча	3	3
413	восемьсот	1	3
414	пятом	2	2
415	году	1	2
416	оказалось	2	4
417	духовному	3	4
418	завещанию	3	5
419	оставил	2	3
420	нужды	2	2
421	детской	2	2
422	медицины	2	4
423	состояние	3	5
424	стоимостью	4	4
425	тысяч	2	2
426	рублей	1	2
427	капитал	1	3
428	триста	2	2
429	содержание	3	5
430	больницы	2	3
431	такие	2	3
432	были	2	2
433	огромные	3	4
434	деньги	2	2
435	современников	3	5
436	писал	1	2
437	фирма	2	2
438	одна	1	2
439	происхождению	3	6
440	она	1	2
441	сродни	1	2
442	фирмам	2	2
443	родоначальник	2	5
444	восточных	2	3
445	уездов	2	3
446	губернии	3	4
447	современник	2	4
448	фамилия	3	4
449	возрастом	3	3
450	почти	1	2
451	ровесница	3	4
452	богатством	2	3
453	крайней	2	2
454	мере	2	2
455	равняется	3	4
456	ними	2	2
457	текстильных	2	3
458	фабрикантов	2	4
459	больших	1	2
460	фабрики	3	3
461	фабрика	3	3
462	находилась	2	4
463	бумажную	3	4
464	пряжу	2	2
465	была	1	2
466	крупнейшая	3	4
467	производству	2	4
468	бумажной	2	3
469	пряжи	2	2
470	некоторые	5	5
471	годы	2	2
472	вторая	2	3
473	окраине	3	4
474	специализировалась	4	8
475	переработке	2	5
476	третья	2	2
477	которая	3	4
478	принадлежала	2	5
479	селе	2	2
480	уезда	2	3
481	большая	2	3
482	рабочих	2	3
483	числилось	3	3
484	вату	2	2
485	нитки	2	2
486	сказать	1	2
487	традициях	3	4
488	благотворительности	4	7
489	семье	1	2
490	отец	1	2
491	дядя	2	2
492	родная	2	3
493	сестра	1	2
494	благотворительница	4	7
495	они	1	2
496	занимались	2	4
497	активно	2	3
498	филантропией	3	5
499	варвара	3	3
500	втором	1	2
501	внесла	1	2
502	устройство	2	3
503	психиатрической	3	6
504	клиники	3	3
505	медицинского	3	5
506	факультета	2	4
507	университета	2	6
508	известное	3	4
509	пожертвование	5	6
510	предназначено	3	5
511	создания	3	4
512	общедоступной	2	5
513	имени	3	3
514	читальня	2	3
515	воссоздана	3	4
516	одном	1	2
517	ближних	2	2
518	первоначально	2	5
519	центре	2	2
520	нынешней	3	3
521	площади	3	3
522	площадь	2	2
523	название	3	4
524	этой	2	2
525	читальне	2	3
526	постройку	2	3
527	начального	3	4
528	женского	3	3
529	училища	3	4
530	создание	3	4
531	физической	3	4
532	лаборатории	3	6
533	интересно	2	4
534	часто	2	2
535	встречается	3	4
536	знаем	2	2
537	прежнего	3	3
538	времени	3	3
539	жили	2	2
540	домах	1	2
541	печным	1	2
542	отоплением	3	5
543	бедняки	1	3
544	могли	1	2
545	купить	1	2
546	дрова	1	2
547	ежегодно	2	4
548	давала	2	3
549	раздачи	2	3
550	бедным	2	2
551	попечительства	3	5
552	бедных	2	2
553	решил	1	2
554	пожертвовать	3	4
555	детскую	3	3
556	больницу	2	3
557	дело	2	2
558	единственный	3	4
559	известно	2	3
560	воспоминаний	2	5
561	знакомых	2	3
562	возрасте	3	3
563	погиб	1	2
564	школе	2	2
565	играл	1	2
566	лестнице	3	3
567	другими	2	3
568	детьми	1	2
569	толкнул	1	2
570	неудачно	2	4
571	мальчик	2	2
572	упал	1	2
573	ударился	3	4
574	головой	1	3
575	скоропостижно	2	5
576	скончался	2	3
577	конечно	2	3
578	отца	1	2
579	произвело	1	4
580	впечатление	3	5
581	результатом	2	4
582	внутренних	3	3
583	страданий	2	3
584	стало	2	2
585	пожертвовал	3	4
586	детская	3	3
587	больница	2	3
588	потребности	3	4
589	общества	3	3
590	детских	2	2
591	больницах	2	3
592	конце	1	2
593	девятнадцатого	4	6
594	начале	2	3
595	двадцатого	3	4
596	века	2	2
597	высокая	3	4
598	смертность	2	2
599	вызвана	3	3
600	женщин	2	2
601	время	2	2
602	беременности	4	5
603	отсутствие	3	4
604	свободного	3	4
605	недостаток	2	4
606	ухода	2	3
607	следствие	3	3
608	бедности	3	3
609	безграмотности	4	5
610	женщины	3	3
611	родов	2	2
612	приступали	2	4
613	работам	2	3
614	обеспечить	2	4
615	грудное	2	3
616	вскармливание	5	5
617	детей	1	2
618	мякишем	3	3
619	результате	2	4
620	кишечных	2	3
621	заболеваний	2	5
622	дети	2	2
623	умирали	2	4
624	следующей	4	4
625	возрастной	1	3
626	группе	2	2
627	десяти	1	3
628	высокие	3	4
629	показатели	3	5
630	смертности	3	3
631	распространением	3	6
632	болезней	2	3
633	оспы	2	2
634	скарлатины	2	4
635	дифтерии	2	4
636	кори	2	2
637	тифов	2	2
638	связано	3	3
639	отсутствием	3	4
640	санитарных	2	4
641	представлений	2	4
642	народе	2	3
643	мире	2	2
644	всеобщая	3	4
645	вакцинация	3	5
646	началась	1	3
647	фактически	3	4
648	мировой	1	3
649	войны	2	2
650	эту	2	2
651	целью	2	2
652	лечение	3	4
653	открыта	2	3
654	девяносто	2	4
655	первом	2	2
656	тридцать	2	2
657	кроватей	2	3
658	заглянем	2	3
659	адресную	4	4
660	книжку	2	2
661	врачей	1	2
662	ветеринаров	2	5
663	дантистов	2	3
664	лечебных	2	3
665	заведений	2	4
666	аптек	1	2
667	девятьсот	1	3
668	третий	2	2
669	увидим	2	3
670	работала	3	4
671	ежедневно	2	4
672	двенадцати	3	4
673	часов	1	2
674	больных	1	2
675	первый	2	2
676	солдата	2	3
677	желудок	2	3
678	пищеварение	3	6
679	особую	3	4
680	сферу	2	2
681	ближе	2	2
682	остальным	1	3
683	словарный	2	3
684	четверти	3	3
685	заимствован	3	4
686	сферы	2	2
687	находит	2	3
688	краски	2	2
689	помощью	3	3
690	умеет	2	3
691	сочно	2	2
692	самобытно	2	4
693	выразить	3	3
694	величайшую	3	5
695	радость	2	2
696	глубочайшее	3	5
697	возмущение	3	5
698	каком	1	2
699	другом	1	2
700	наречии	3	4
701	выразиться	4	4
702	кратко	2	2
703	ясно	2	2
704	домой	1	2
705	домашние	3	4
706	учителя	3	4
707	будут	2	2
708	здорово	2	3
709	удивлены	1	4
710	поделаешь	3	4
711	эти	2	2
712	функции	3	3
713	организма	2	4
714	приобрели	1	4
715	невинный	2	3
716	характер	2	3
717	силу	1	2
718	публично	2	3
719	отвыкли	2	3
720	видеть	2	2
721	нечто	2	2
722	зазорное	3	4
723	возможность	2	3
724	справить	2	2
725	дела	2	2
726	обстановке	2	4
727	сказал	1	2
728	высоко	1	3
729	красиво	2	3
730	комбинация	3	5
731	скате	2	2
732	верными	3	3
733	шансами	3	3
734	выигрыш	3	3
735	немецком	2	3
736	возникло	2	3
737	выражение	3	5
738	новости	3	3
739	отхожих	2	3
740	всякого	3	3
741	рода	2	2
742	поболтать	1	3
743	солдату	2	3
744	уголках	1	3
745	традиционное	3	6
746	место	2	2
747	столиком	2	3
748	пивной	1	2
749	себя	1	2
750	самом	2	2
751	комфортабельном	3	5
752	туалете	2	4
753	белыми	3	3
754	кафельными	4	4
755	стенками	3	3
756	чисто	2	2
757	удивительно	3	5
758	бездумные	3	4
759	часы	1	2
760	синее	2	3
761	небо	2	2
762	горизонте	2	4
763	повисли	2	3
764	аэростаты	2	5
765	белые	3	3
766	облачка	1	3
767	разрывы	2	3
768	зенитных	2	3
769	порой	1	2
770	взлетают	2	3
771	высоким	2	3
772	снопом	1	2
773	зенитчики	3	4
774	охотятся	3	4
775	аэропланом	2	5
776	фронта	2	2
777	доносится	3	4
778	слабо	2	2
779	гроза	1	2
780	стоит	1	2
781	прожужжать	1	3
782	гула	2	2
783	этого	3	3
784	слышно	2	2
785	расстилается	3	5
786	цветущий	2	3
787	колышутся	3	4
788	нежные	3	3
789	порхают	2	3
790	капустницы	3	4
791	плывут	1	2
792	мягком	2	2
793	теплом	1	2
794	воздухе	3	3
795	позднего	3	3
796	лета	2	2
797	читаем	2	3
798	письма	2	2
799	газеты	2	3
800	фуражки	2	3
801	ветер	2	2
802	играет	2	3
803	нашими	3	3
804	волосами	2	4
805	словами	2	3
806	мыслями	3	3
807	будки	2	2
808	цветов	1	2
809	полевого	2	4
810	мака	2	2
811	коленки	2	3
812	крышку	2	2
813	бочки	1	2
814	маргарином	2	4
815	удобно	2	3
816	играть	1	2
817	прихватил	1	3
818	карты	2	2
819	каждый	2	2
820	ската	2	2
821	чередуется	3	5
822	партией	3	3
823	такой	1	2
824	игрой	1	2
825	просидеть	1	3
826	целую	3	3
827	вечность	2	2
828	долетают	2	4
829	звуки	2	2
830	гармоники	3	4
831	друга	2	2
832	ребята	2	3
833	немного	2	3
834	крышка	2	2
835	минуту	2	3
836	умолкаем	2	4
837	властному	3	3
838	загнанному	4	4
839	чувству	2	2
840	присутствие	3	4
841	слова	1	2
842	нужны	1	2
843	могло	1	2
844	случиться	2	3
845	пришлось	1	2
846	сидеть	1	2
847	кабинах	2	3
848	побери	1	3
849	волосок	1	3
850	остро	1	2
851	алые	3	3
852	сытная	3	3
853	еда	1	2
854	летний	2	2
855	ветерок	1	3
856	видел	2	2
857	лазарете	2	4
858	отвечаю	2	4
859	сквозное	2	3
860	ранение	3	4
861	бедра	1	2
862	верный	2	2
863	вернуться	2	3
864	решаем	2	3
865	навестить	1	3
866	обеда	2	3
867	письмо	1	2
868	окурок	2	3
869	строгий	2	2
870	маленький	3	3
871	человечек	2	4
872	сером	2	2
873	сюртуке	2	3
874	острым	2	2
875	мышиная	3	4
876	мордочка	3	3
877	личиком	3	3
878	классным	2	2
879	наставником	3	4
880	примерно	2	3
881	роста	1	2
882	странно	2	2
883	всяческие	4	4
884	беды	2	2
885	несчастья	2	3
886	свете	2	2
887	исходят	2	3
888	людей	2	2
889	маленького	4	4
890	энергичный	2	4
891	неуживчивый	3	5
892	высоких	2	3
893	старался	2	3
894	попадать	1	3
895	ротами	3	3
896	командуют	3	4
897	офицеры	2	4
898	невысокого	3	5
899	ужасно	2	3
900	придираются	3	5
901	уроках	2	3
902	гимнастики	3	4
903	выступал	1	3
904	речами	2	3
905	концов	1	2
906	добился	2	3
907	строем	2	2
908	командой	2	3
909	отправился	3	4
910	окружное	3	4
911	военное	3	4
912	управление	3	5
913	записались	2	4
914	добровольцами	3	5
915	нарядившиеся	4	6
916	дурацкой	2	3
917	моде	2	2
918	мистер	2	2
919	забарабанил	2	5
920	пальцами	3	3
921	сгрудившихся	3	4
922	странных	2	2
923	типов	2	2
924	шептавшихся	3	4
925	ярость	2	2
926	молоды	3	3
927	подумать	2	3
928	мужчин	1	2
929	выглядел	3	3
930	старше	2	2
931	позволил	2	3
932	себе	1	2
933	облачиться	2	4
934	мантию	3	3
935	мистера	3	3
936	осенила	2	4
937	непонятные	3	5
938	личности	3	3
939	пожертвования	5	6
940	роде	2	2
941	оно	1	2
942	стоявшие	3	4
943	пробке	2	2
944	машины	2	3
945	тронулись	3	3
946	места	1	2
947	въехал	2	2
948	фирмы	2	2
949	забита	2	3
950	дрелями	3	3
951	кабинет	1	3
952	девятом	2	3
953	этаже	1	3
954	сидел	1	2
955	спиной	1	2
956	окну	1	2
957	лицом	1	2
958	скорее	2	3
959	трудно	2	2
960	сосредоточиться	3	6
961	дрелях	2	2
962	летающих	3	4
963	бела	1	2
964	совы	1	2
965	лесные	2	3
966	птицы	2	2
967	городах	1	3
968	таких	1	2
969	живут	1	2
970	отличие	3	4
971	находящиеся	4	6
972	улице	3	3
973	отлично	2	3
974	видели	3	3
975	стремительно	3	4
976	другой	1	2
977	широко	1	3
978	удивления	3	5
979	большинство	1	3
980	жизни	2	2
981	единой	2	3
982	ночное	2	3
983	нормальное	3	4
984	утро	2	2
985	накричал	1	3
986	пятерых	1	3
987	важных	2	2
988	звонков	1	2
989	повысил	2	3
990	голос	2	2
991	своих	1	2
992	телефонных	2	4
993	собеседников	3	5
994	настроение	3	5
995	отличное	3	4
996	размять	1	2
997	ноги	2	2
998	булочку	3	3
999	булочной	3	3
1000	забыл	1	2
1001	мантиях	3	3
1002	столкнулся	2	3
1003	группкой	2	2
1004	взгляде	2	2
1005	становилось	2	4
1006	типы	2	2
1007	заметил	2	3
1008	руках	1	2
1009	кружки	1	2
1010	сбора	2	2
1011	пожертвований	4	5
1012	выйдя	2	2
1013	пакетом	2	3
1014	котором	2	3
1015	лежал	1	2
1016	пончик	2	2
1017	вынужден	3	3
1018	пройти	1	2
1019	личностей	3	3
1020	момент	1	2
1021	случайно	2	3
1022	услышал	2	3
1023	совершенно	2	4
1024	верно	2	2
1025	замер	2	2
1026	перехватило	2	5
1027	дыхание	3	4
1028	ощутил	1	3
1029	волна	1	2
1030	страха	2	2
1031	оглянулся	2	4
1032	хотел	1	2
1033	передумал	2	4
1034	дорогу	2	3
1035	поспешно	2	3
1036	поднялся	2	3
1037	рявкнул	2	2
1038	секретарше	2	4
1039	сорвал	1	2
1040	телефонную	3	5
1041	трубку	2	2
1042	предпоследнюю	3	5
1043	цифру	2	2
1044	своего	1	3
1045	домашнего	3	4
1046	номера	1	3
1047	положил	1	3
1048	обратно	2	3
1049	рычаг	1	2
1050	начал	2	2
1051	усы	1	2
1052	думая	3	3
1053	глупость	2	2
1054	такая	2	3
1055	редкая	3	3
1056	убедил	1	3
1057	семей	1	2
1058	носящих	2	3
1059	фамилию	3	4
1060	имеющих	3	4
1061	сына	2	2
1062	уверенностью	4	5
1063	утвердить	1	3
1064	племянника	3	4
1065	зовут	1	2
1066	мальчика	3	3
1067	возможно	2	3
1068	чему	1	2
1069	огорчалась	2	4
1070	заходила	2	4
1071	сестре	1	2
1072	жену	1	2
1073	похода	2	3
1074	пончиком	3	3
1075	мистеру	3	3
1076	сложнее	2	3
1077	вечера	1	3
1078	покидал	1	3
1079	здание	3	3
1080	взволнован	2	3
1081	выходя	1	3
1082	дверей	1	2
1083	проходившего	3	5
1084	врезался	2	3
1085	пробурчал	1	3
1086	видя	2	2
1087	старикашка	2	4
1088	пошатнулся	2	4
1089	понадобилось	4	5
1090	секунд	1	2
1091	осознать	1	3
1092	старичок	1	3
1093	одет	1	2
1094	фиолетовую	4	6
1095	нисколько	2	3
1096	огорчился	2	4
1097	тому	1	2
1098	сбили	2	2
1099	улыбнулся	2	4
1100	писклявым	2	3
1101	голосом	3	3
1102	заставившим	3	4
1103	прохожих	2	3
1104	обернуться	2	4
1105	наше	2	2
1106	отделение	3	5
1107	очередь	3	3
1108	образовавшуюся	4	7
1109	кухни	2	2
1110	нетерпение	3	5
1111	ничего	1	3
1112	повар	2	2
1113	крикнул	2	2
1114	видно	2	2
1115	фасоль	1	2
1116	сварилась	2	3
1117	сонно	2	2
1118	покачал	1	3
1119	соберутся	2	4
1120	ухмыльнулся	2	4
1121	карман	1	2
1122	шире	2	2
1123	остальные	2	4
1124	тебя	1	2
1125	довольствии	3	4
1126	земле	1	2
1127	пошатнуло	2	4
1128	сварил	1	2
1129	кулаком	1	3
1130	наедимся	2	4
1131	давай	1	2
1132	раздачу	2	3
1133	внезапная	3	4
1134	острое	3	3
1135	засветилось	2	4
1136	лукаво	2	3
1137	сощурились	3	4
1138	скулы	2	2
1139	заиграли	2	4
1140	поближе	2	3
1141	дружище	2	3
1142	значит	2	2
1143	огорошенный	3	5
1144	рассеянно	3	4
1145	кивнул	1	2
1146	схватил	1	2
1147	колбасу	1	3
1148	отвисла	2	3
1149	челюсть	2	2
1150	обернулся	2	4
1151	сияло	2	3
1152	достанется	3	4
1153	будет	2	2
1154	обождите	2	4
1155	ожил	2	2
1156	заявил	1	3
1157	стряхнули	2	3
1158	протиснулись	3	4
1159	морковка	2	3
1160	выйдет	2	2
1161	спросил	1	2
1162	тебе	1	2
1163	покажем	2	3
1164	сделать	2	2
1165	проворчал	1	3
1166	выдам	2	2
1167	упорствовать	3	4
1168	вышел	2	2
1169	самого	3	3
1170	разок	1	2
1171	продукты	2	3
1172	вторую	2	3
1173	выдашь	2	2
1174	рота	2	2
1175	взяли	2	2
1176	оборот	1	3
1177	вине	1	2
1178	обед	1	2
1179	попадал	1	3
1180	окопы	2	3
1181	остывшим	2	3
1182	большим	1	2
1183	опозданием	3	5
1184	пустяковом	2	4
1185	огне	1	2
1186	решался	2	3
1187	подъехать	2	3
1188	своим	1	2
1189	котлом	1	2
1190	подносчикам	3	4
1191	пищи	1	2
1192	приходилось	2	4
1193	ползти	1	2
1194	дальше	2	2
1195	собратьям	2	3
1196	других	1	2
1197	первой	2	2
1198	роты	2	2
1199	жирным	2	2
1200	хомяк	1	2
1201	тащил	1	2
1202	кухню	2	2
1203	самой	2	2
1204	настроены	3	4
1205	воинственно	3	4
1206	дошло	2	2
1207	драки	2	2
1208	месте	2	2
1209	происшествия	3	5
1210	появился	2	4
1211	командир	1	3
1212	спорим	2	2
1213	большие	2	3
1214	заглянул	1	3
1215	кажется	3	3
1216	неплохая	2	4
1217	смальцем	2	2
1218	говядиной	3	4
1219	лейтенант	1	3
1220	посмотрел	1	3
1221	понял	2	2
1222	думаем	3	3
1223	многое	3	3
1224	нашей	1	2
1225	среды	2	2
1226	приподнял	1	3
1227	котла	1	2
1228	уходя	1	3
1229	тарелочку	3	4
1230	раздать	1	2
1231	добру	1	2
1232	пропадать	1	3
1233	физиономия	3	6
1234	приняла	1	3
1235	глупое	3	3
1236	приплясывал	3	4
1237	ведает	3	3
1238	интендантской	2	4
1239	службой	2	2
1240	старая	3	3
1241	крыса	2	2
1242	просчитайся	2	4
1243	висельник	3	3
1244	прошипел	1	3
1245	готов	1	2
1246	лопнуть	2	2
1247	злости	2	2
1248	происходящее	3	6
1249	укладывалось	4	5
1250	голове	1	3
1251	творится	2	3
1252	белом	2	2
1253	желая	2	3
1254	показать	1	3
1255	едино	2	3
1256	искусственного	4	5
1257	меду	1	2
1258	брата	2	2
1259	деле	2	2
1260	выдался	3	3
1261	хороший	2	3
1262	почта	2	2
1263	пришла	2	2
1264	нескольку	3	3
1265	писем	2	2
1266	газет	1	2
1267	спеша	2	2
1268	бараками	3	4
1269	мышкой	2	2
1270	круглую	3	3
1271	правом	2	2
1272	луга	1	2
1273	выстроена	4	4
1274	солдатская	3	4
1275	уборная	3	4
1276	добротно	2	3
1277	срубленное	4	4
1278	строение	3	4
1279	крышей	2	2
1280	интерес	1	3
1281	новобранцев	2	4
1282	научились	2	4
1283	пользу	2	2
1284	получше	2	3
1285	лугу	1	2
1286	одиночные	3	5
1287	кабины	2	3
1288	предназначенные	4	6
1289	цели	2	2
1290	ящики	3	3
1291	опрятные	3	4
1292	сколоченные	4	5
1293	досок	1	2
1294	закрытые	3	4
1295	сторон	1	2
1296	великолепным	2	5
1297	удобным	2	3
1298	сиденьем	2	3
1299	ручки	2	2
1300	переносить	1	4
1301	кружок	1	2
1302	неторопливо	2	5
1303	рассаживаемся	5	6
1304	помню	2	2
1305	стеснялись	2	3
1306	первых	2	2
1307	порах	1	2
1308	новобранцами	3	5
1309	казармах	2	3
1310	пользоваться	4	4
1311	общей	1	2
1312	уборной	2	3
1313	сидит	1	2
1314	рядком	1	2
1315	трамвае	2	3
1316	окинуть	2	3
1317	одним	1	2
1318	взглядом	2	2
1319	должен	2	2
1320	наблюдением	4	5
1321	стыдливость	2	3
1322	другое	2	3
1323	временем	3	3
1324	привыкли	2	3
1325	таким	1	2
1326	вещам	1	2
1327	свежем	2	2
1328	занятие	3	4
1329	истинное	4	4
1330	наслаждение	3	5
1331	знаю	2	2
1332	отправлениях	3	5
1333	естественны	3	4
1334	питье	1	2
1335	стоило	3	3
1336	распространяться	2	5
1337	играли	2	3
1338	существенную	4	5
1339	естественность	3	4
1340	новинку	2	3
1341	очевидной	2	4
1342	извиняйтесь	2	4
1343	дорогой	1	3
1344	господин	1	3
1345	уронили	2	4
1346	огорчило	2	4
1347	ликуйте	2	3
1348	исчез	1	2
1349	должны	2	2
1350	устроить	2	3
1351	праздник	2	2
1352	счастливый	2	3
1353	этими	3	3
1354	руками	2	3
1355	обхватил	1	3
1356	районе	2	3
1357	живота	1	3
1358	крепко	2	2
1359	стиснул	2	2
1360	буквально	2	3
1361	прирос	1	2
1362	обнял	2	2
1363	незнакомый	2	4
1364	мало	1	2
1365	назвали	2	3
1366	значило	3	3
1367	слово	2	2
1368	удалось	1	3
1369	сдвинуться	3	3
1370	быстрым	2	2
1371	машине	2	3
1372	надеясь	2	3
1373	воображения	3	6
1374	крайне	2	2
1375	отрицательно	3	5
1376	относился	2	4
1377	воображению	3	6
1378	плодам	1	2
1379	свернул	1	2
1380	улицы	3	3
1381	дорожку	2	3
1382	ведущую	3	4
1383	дому	1	2
1384	номер	2	2
1385	четыре	2	3
1386	знакомую	3	4
1387	полосатую	3	5
1388	кошку	2	2
1389	резко	2	2
1390	упало	2	3
1391	сомневался	2	4
1392	кошка	2	2
1393	окраска	2	3
1394	странные	3	3
1395	пятна	2	2
1396	сидела	2	3
1397	заборе	2	3
1398	соседей	2	3
1399	громко	2	2
1400	шелохнулась	2	4
1401	строго	2	2
1402	посмотрела	2	4
1403	подумал	2	3
1404	кошки	2	2
1405	ведут	1	2
1406	коем	2	2
1407	случае	3	3
1408	следует	3	3
1409	приятным	2	3
1410	ужином	2	3
1411	охотно	2	3
1412	соседки	2	3
1413	проблемы	2	3
1414	дочерью	3	3
1415	сообщила	2	4
1416	выучил	3	3
1417	новое	3	3
1418	вести	2	2
1419	обычно	2	3
1420	уложила	2	4
1421	кроватку	2	3
1422	поцеловал	1	4
1423	пожелал	1	3
1424	спокойной	2	3
1425	ночи	1	2
1426	гостиную	3	4
1427	включить	2	2
1428	телевизор	2	4
1429	одному	1	3
1430	каналов	2	3
1431	заканчивались	4	5
1432	вечерние	3	4
1433	завершение	3	5
1434	выпуска	3	3
1435	странном	2	2
1436	поведении	3	5
1437	практически	3	4
1438	показываются	5	6
1439	поступали	2	4
1440	сотни	2	2
1441	сообщений	2	4
1442	рассвета	2	3
1443	точках	2	2
1444	страны	2	2
1445	беспорядочно	3	5
1446	специалисты	2	5
1447	могут	2	2
1448	объяснить	1	3
1449	решили	2	3
1450	изменить	1	3
1451	распорядок	2	4
1452	диктор	2	2
1453	ухмыльнуться	2	4
1454	загадочно	3	4
1455	прогнозом	2	3
1456	погоды	2	3
1457	думаешь	3	3
1458	новых	2	2
1459	дождей	1	2
1460	экране	2	3
1461	метеоролог	2	5
1462	вели	1	2
1463	необычно	2	4
1464	зрители	3	3
1465	уголков	1	3
1466	звонили	2	3
1467	сообщить	1	3
1468	дождя	1	2
1469	пообещал	1	4
1470	настоящий	2	4
1471	звездопад	1	3
1472	фейерверки	2	4
1473	случаю	3	3
1474	приближающегося	5	7
1475	праздника	3	3
1476	целая	3	3
1477	неделя	2	3
1478	касается	3	4
1479	сегодняшний	3	4
1480	вечер	2	2
1481	дождливым	2	3
1482	застыл	1	2
1483	кресле	2	2
1484	падающие	5	5
1485	звезды	1	2
1486	непонятное	3	5
1487	поводу	3	3
1488	вошла	1	2
1489	двумя	1	2
1490	чашками	3	3
1491	чая	2	2
1492	почувствовал	3	4
1493	тает	2	2
1494	решимость	2	3
1495	нервно	1	2
1496	прокашлялся	3	4
1497	дорогая	2	4
1498	известий	2	3
1499	сестры	1	2
1500	изобразила	2	5
1501	удивление	3	5
1502	лице	1	2
1503	появилась	2	4
1504	делали	3	3
1505	никакой	1	3
1506	подобная	3	4
1507	реакция	3	4
1508	вопрос	1	2
1509	объяснима	2	4
1510	отрезала	3	4
1511	новостях	1	3
1512	всякие	3	3
1513	загадочные	4	5
1514	вещи	2	2
1515	пробормотал	1	4
1516	огромную	3	4
1517	разницу	3	3
1518	габаритах	2	4
1519	побаивался	4	5
1520	хозяйкой	2	3
1521	доме	2	2
1522	городу	3	3
1523	ходят	2	2
1524	толпы	2	2
1525	одетых	2	3
1526	резким	2	2
1527	тоном	2	2
1528	перебила	2	4
1529	такими	2	3
1530	поджала	2	3
1531	губы	2	2
1532	поднесла	1	3
1533	чашку	2	2
1534	задумался	3	4
1535	осмелится	3	4
1536	слышал	2	2
1537	выпущенной	4	4
1538	городским	1	3
1539	управлением	3	5
1540	книге	2	2
1541	городские	2	4
1542	учреждения	3	5
1543	основанные	4	5
1544	вышла	2	2
1545	шестом	1	2
1546	сказано	3	3
1547	богадельни	2	4
1548	гигиеническом	3	6
1549	отношении	3	5
1550	желать	1	2
1551	лучшего	3	3
1552	построены	3	4
1553	высоком	2	3
1554	города	1	3
1555	городской	1	3
1556	пыли	2	2
1557	духоты	2	3
1558	строительство	3	4
1559	заняло	3	3
1560	шестнадцать	2	3
1561	месяцев	3	3
1562	обошлось	1	3
1563	пятьсот	1	2
1564	одну	1	2
1565	тысячу	3	3
1566	комплекс	1	2
1567	создан	2	2
1568	проекту	2	3
1569	академика	3	5
1570	русском	2	2
1571	стиле	2	2
1572	использованием	5	6
1573	мотивов	2	3
1574	архитектуры	2	5
1575	выполнено	4	4
1576	важное	3	3
1577	условие	3	4
1578	благотворительницы	4	7
1579	обозначенное	4	6
1580	завещании	3	5
1581	здания	3	3
1582	учреждений	2	4
1583	возведены	1	4
1584	нового	3	3
1585	строительного	4	5
1586	материала	2	5
1587	качества	3	3
1588	видим	2	2
1589	двухэтажные	3	5
1590	корпуса	3	3
1591	большими	2	3
1592	окнами	3	3
1593	закругляющимися	5	7
1594	помещения	3	5
1595	великолепно	2	5
1596	оснащены	1	4
1597	электричеством	3	5
1598	вентиляцией	3	5
1599	водопроводом	2	5
1600	канализацией	3	6
1601	паровым	1	3
1602	полы	2	2
1603	дубового	3	4
1604	паркета	2	3
1605	стены	2	2
1606	окрашены	3	4
1607	светлой	2	2
1608	масляной	3	3
1609	краской	2	2
1610	больнице	2	3
1611	избегали	2	4
1612	скученности	4	4
1613	палатах	2	3
1614	палаты	2	3
1615	восемь	2	2
1616	квадратных	2	3
1617	метров	1	2
1618	сравнения	3	4
1619	нынешний	3	3
1620	школьный	2	2
1621	хронических	3	4
1622	третьем	2	2
1623	квартирном	2	3
1624	находилось	2	4
1625	жилье	1	2
1626	священника	3	4
1627	остальных	1	3
1628	работников	3	4
1629	территория	3	5
1630	сделано	3	3
1631	специально	2	4
1632	считалось	2	3
1633	корпусами	4	4
1634	просторные	3	4
1635	дворы	1	2
1636	прогулки	2	3
1637	пациентов	2	4
1638	быстрее	2	3
1639	выздоравливали	4	6
1640	богадельне	2	4
1641	здоровье	2	3
1642	ежедневным	2	4
1643	моционом	2	4
1644	отдельных	2	3
1645	зданиях	3	3
1646	помещались	2	4
1647	кухня	2	2
1648	прачечная	4	4
1649	часовня	2	3
1650	устроена	3	4
1651	шестьдесят	1	3
1652	пристройке	2	3
1653	отходила	2	4
1654	территории	3	5
1655	палата	2	3
1656	семнадцать	2	3
1657	одноместная	3	5
1658	двенадцать	2	3
1659	современного	3	5
1660	врачи	1	2
1661	старого	3	3
1662	писали	2	3
1663	условиях	3	4
1664	рассуждали	2	4
1665	кубатуре	2	4
1666	воздуха	3	3
1667	вентиляция	3	5
1668	свежий	2	2
1669	воздух	2	2
1670	естественное	4	5
1671	проветривание	5	6
1672	потолки	1	3
1673	высота	1	3
1674	потолков	1	3
1675	помещениях	3	5
1676	метра	2	2
1677	палат	1	2
1678	залы	2	2
1679	дневного	2	3
1680	пребывания	3	5
1681	больные	2	3
1682	читать	1	2
1683	общаться	2	3
1684	шашки	2	2
1685	шахматы	3	3
1686	богаделенных	3	5
1687	устроены	3	4
1688	швейные	3	3
1689	мастерские	2	4
1690	досуге	2	3
1691	бездельничать	3	4
1692	способствует	3	4
1693	выздоровлению	3	6
1694	здоровой	2	3
1695	психике	3	3
1696	посильной	2	3
1697	заниматься	2	4
1698	желающие	4	5
1699	постельного	3	4
1700	белья	1	2
1701	починкой	2	3
1702	одежды	2	3
1703	библиотека	2	5
1704	брали	2	2
1705	книги	2	2
1706	чтения	3	3
1707	неделю	2	3
1708	лекции	3	3
1709	теневыми	2	4
1710	картинами	3	4
1711	картинки	2	3
1712	рассказом	2	3
1713	открылась	2	3
1714	январе	1	3
1715	исключением	4	5
1716	онкологических	3	6
1717	числа	2	2
1718	постоянных	2	4
1719	жителей	3	3
1720	подали	3	3
1721	заявление	3	5
1722	городскую	2	4
1723	думу	2	2
1724	больше	2	2
1725	считается	3	4
1726	постоянным	2	4
1727	жителем	3	3
1728	претендовать	1	4
1729	медицинское	3	5
1730	обслуживание	5	6
1731	платить	1	2
1732	небольшой	1	3
1733	допустим	2	3
1734	копеек	2	3
1735	половиной	2	4
1736	скромная	3	3
1737	сумма	2	2
1738	определялась	2	5
1739	уплатить	1	3
1740	решение	3	4
1741	пациенты	2	4
1742	обеспечивались	4	6
1743	бесплатным	2	3
1744	питанием	3	4
1745	бесплатной	2	3
1746	одеждой	2	3
1747	открытия	3	4
1748	благотворительное	4	7
1749	общество	3	3
1750	помогало	2	4
1751	больным	1	2
1752	родственников	4	4
1753	лежали	2	3
1754	приходила	2	4
1755	учительница	4	5
1756	комнаты	3	3
1757	выделили	4	4
1758	сделали	3	3
1759	небольшую	2	4
1760	школу	2	2
1761	лежащие	3	4
1762	отрываться	2	4
1763	заведения	3	5
1764	переименованы	3	7
1765	пятую	3	3
1766	произошло	1	4
1767	назывались	2	4
1768	пятая	3	3
1769	клиническая	4	5
1770	имеет	2	3
1771	статус	2	2
1772	памятника	4	4
1773	истории	3	4
1774	культуры	2	3
1775	существует	2	4
1776	святителя	3	4
1777	митрополита	2	5
1778	бывают	2	3
1779	разные	3	3
1780	уровни	3	3
1781	текста	2	2
1782	отдельные	3	4
1783	единицы	2	4
1784	предложения	3	5
1785	морфологические	4	7
1786	управляют	2	4
1787	процессом	2	3
1788	словообразования	3	8
1789	словоизменения	3	7
1790	синтаксические	4	6
1791	согласованием	3	6
1792	относится	3	4
1793	семантические	4	6
1794	передачи	2	4
1795	смысла	2	2
1796	правильного	3	4
1797	использования	5	6
1798	правил	2	2
1799	стилистические	4	6
1800	уместно	2	3
1801	данной	2	2
1802	конкретной	2	3
1803	ситуации	3	5
1804	неуместно	2	4
1805	вызвать	2	2
1806	эмоции	3	4
1807	слушателя	4	4
1808	заметить	2	3
1809	существуют	2	4
1810	другие	2	3
1811	виды	2	2
1812	важно	2	2
1813	неотделимая	3	6
1814	которой	2	3
1815	развивается	3	5
1816	иметь	1	2
1817	различия	3	4
1818	уровнях	3	3
1819	испанский	2	3
1820	имеют	2	3
1821	синтаксис	3	3
1822	стилистика	3	4
1823	употребления	3	6
1824	разная	3	3
1825	искусственный	3	4
1826	интеллект	1	3
1827	давайте	2	3
1828	сделаем	3	3
1829	сторону	3	3
1830	обработки	2	4
1831	программе	2	3
1832	правило	3	3
1833	процесс	1	2
1834	строится	3	3
1835	семантике	3	4
1836	каждом	2	2
1837	шаге	2	2
1838	результаты	2	4
1839	предыдущих	2	4
1840	шагов	1	2
1841	сырой	1	2
1842	представляется	3	5
1843	цепочкой	2	3
1844	питоне	2	3
1845	выходе	3	3
1846	анализа	3	4
1847	список	2	2
1848	списков	2	2
1849	лексемы	2	3
1850	следующий	4	4
1851	уровень	3	3
1852	морфологический	3	6
1853	анализ	2	3
1854	каждую	3	3
1855	лексему	2	3
1856	информацией	3	5
1857	морфологических	3	6
1858	признаках	3	3
1859	начальной	2	3
1860	форме	2	2
1861	примера	2	3
1862	простые	2	3
1863	строки	2	2
1864	заменены	1	4
1865	структуры	2	3
1866	указа	2	3
1867	начальная	3	4
1868	форма	2	2
1869	речи	2	2
1870	мама	2	2
1871	существительное	4	6
1872	синтаксического	4	6
1873	дерево	3	3
1874	подчинение	3	5
1875	структуре	2	3
1876	данных	2	2
1877	задаваться	2	4
1878	ссылкой	2	2
1879	родительский	3	4
1880	узел	2	2
1881	примере	2	3
1882	синтаксическое	4	6
1883	следующую	5	5
1884	конструкцию	3	4
1885	предложении	3	5
1886	глагол	1	2
1887	глаголу	2	3
1888	подчиняются	3	5
1889	главные	3	3
1890	словосочетаниях	3	7
1891	существительные	4	6
1892	существительным	3	5
1893	определения	3	6
1894	образом	3	3
1895	семантический	3	5
1896	строит	2	2
1897	структуру	2	3
1898	семантическую	4	6
1899	ситуацию	3	5
1900	верхнем	2	2
1901	уровне	3	3
1902	происходит	2	4
1903	какие	2	3
1904	участники	3	4
1905	роли	2	2
1906	примеру	2	3
1907	глагола	2	3
1908	отглагольное	3	5
1909	аргументы	2	4
1910	оконная	3	4
1911	рама	2	2
1912	тряпка	2	2
1913	контексте	2	3
1914	субъект	1	2
1915	объект	1	2
1916	применяются	3	5
1917	действие	3	3
1918	инструмент	1	3
1919	главным	2	2
1920	аргументами	3	5
1921	называется	3	5
1922	отношения	3	5
1923	некоторых	4	4
1924	особенностях	4	5
1925	естественных	3	4
1926	языков	1	3
1927	особенность	3	4
1928	заключается	4	5
1929	языки	1	3
1930	никем	1	2
1931	составлялись	2	4
1932	появились	2	4
1933	эволюционировали	5	9
1934	коммуникации	3	6
1935	никто	1	2
1936	знает	2	2
1937	неписаных	3	4
1938	меняются	3	4
1939	эпоху	2	3
1940	обязательно	3	5
1941	скажете	3	3
1942	фразу	2	2
1943	неправильно	3	4
1944	поймут	1	2
1945	предела	2	3
1946	неоднозначны	2	5
1947	рассмотрим	2	3
1948	парочку	3	3
1949	примеров	2	3
1950	естественным	3	4
1951	языкам	1	3
1952	противопоставляются	3	8
1953	формальные	3	4
1954	программирования	5	7
1955	математических	3	6
1956	формул	2	2
1957	строгим	2	2
1958	формальными	3	4
1959	грамматиками	4	5
1960	разбора	2	3
1961	поиска	3	3
1962	ошибок	2	3
1963	эффективные	3	5
1964	алгоритмы	2	4
1965	пример	2	2
1966	знаете	3	3
1967	придуман	2	3
1968	советским	2	3
1969	лингвистом	2	3
1970	тридцатых	2	3
1971	годах	1	2
1972	звучит	1	2
1973	попробуем	3	4
1974	разобраться	2	4
1975	явно	2	2
1976	действующих	4	4
1977	лица	2	2
1978	можем	2	2
1979	первое	3	3
1980	делает	3	3
1981	остальными	2	4
1982	действующие	5	5
1983	какая	2	3
1984	суффиксы	3	3
1985	примеры	2	3
1986	будем	2	2
1987	подробно	2	3
1988	останавливаться	4	6
1989	можете	3	3
1990	остановить	1	4
1991	прочитать	1	3
1992	текстах	2	2
1993	много	2	2
1994	незнакомых	2	4
1995	детально	2	3
1996	нарисовать	1	4
1997	картину	2	3
1998	степени	3	3
1999	последовательность	5	6
2000	действий	2	2
2001	тексты	2	2
2002	написаны	3	4
2003	философский	2	4
2004	камень	2	2
2005	выжил	2	2
2006	проживали	2	4
2007	гордостью	3	3
2008	слава	2	2
2009	богу	2	2
2010	нормальные	3	4
2011	попали	2	3
2012	странную	3	3
2013	загадочную	4	5
2014	неодобрительно	3	6
2015	относились	2	4
2016	любым	2	2
2017	странностям	3	3
2018	загадкам	2	3
2019	прочей	2	2
2020	ерунде	1	3
2021	фирму	2	2
2022	названием	3	4
2023	производстве	2	4
2024	дрелей	2	2
2025	полный	2	2
2026	мужчина	2	3
2027	пышными	3	3
2028	усами	2	3
2029	короткой	2	3
2030	шеей	2	2
2031	тощей	1	2
2032	блондинкой	2	3
2033	длиннее	2	3
2034	росте	2	2
2035	большую	2	3
2036	следила	2	3
2037	соседями	3	4
2038	разговоры	2	4
2039	заглядывать	3	4
2040	чужие	2	3
2041	заборы	2	3
2042	мнению	3	3
2043	самым	2	2
2044	чудесным	2	3
2045	семья	1	2
2046	имела	2	3
2047	пожелать	1	3
2048	секрет	1	2
2049	боялись	2	3
2050	узнает	2	3
2051	представить	2	3
2052	выплывет	3	3
2053	правда	2	2
2054	приходилась	2	4
2055	родной	1	2
2056	сестрой	1	2
2057	виделись	3	3
2058	делала	3	3
2059	полной	2	2
2060	противоположностью	3	7
2061	содрогались	2	4
2062	мысли	2	2
2063	скажут	2	2
2064	соседи	2	3
2065	улицу	3	3
2066	пожалуют	3	4
2067	знали	2	2
2068	категорически	3	6
2069	хотели	2	3
2070	общался	2	3
2071	родителей	3	4
2072	вторник	2	2
2073	проснулись	2	3
2074	скучным	2	2
2075	серым	2	2
2076	утра	2	2
2077	начинается	3	5
2078	наша	2	2
2079	история	3	4
2080	ничто	1	2
2081	покрытое	3	4
2082	тучами	3	3
2083	стране	1	2
2084	начнут	1	2
2085	происходить	1	4
2086	отвратительный	3	5
2087	галстуков	3	3
2088	трудом	1	2
2089	сопротивляющегося	5	8
2090	орущего	4	4
2091	высокий	2	3
2092	детский	2	2
2093	стульчик	2	2
2094	счастливой	2	3
2095	улыбкой	2	3
2096	мужу	2	2
2097	последние	3	4
2098	сплетни	2	2
2099	окном	1	2
2100	пролетела	2	4
2101	половине	2	4
2102	девятого	3	4
2103	портфель	1	2
2104	щеку	1	2
2105	попытался	2	4
2106	поцеловать	1	4
2107	промахнулся	2	4
2108	происходило	2	5
2109	раскачивался	4	5
2110	стульчике	3	3
2111	ловко	2	2
2112	тарелки	2	3
2113	кашу	2	2
2114	ею	2	2
2115	моя	2	2
2116	крошка	2	2
2117	смехом	2	2
2118	выдавил	3	3
2119	машину	2	3
2120	выехал	3	3
2121	двора	1	2
2122	углу	1	2
2123	странное	3	3
2124	тротуаре	2	4
2125	стояла	2	3
2126	внимательно	3	4
2127	лежащую	3	4
2128	карту	2	2
2129	первую	3	3
2130	секунду	2	3
2131	увидел	2	3
2132	затормозил	1	4
2133	действительно	3	4
2134	полосатая	3	5
2135	привидится	3	4
2136	буркнул	2	2
2137	виноваты	2	4
2138	мрачное	3	3
2139	тусклый	2	2
2140	фонаря	1	3
2141	всякий	2	2
2142	случай	2	2
2143	закрыл	1	2
2144	открыл	1	2
2145	уставился	3	4
2146	уставилась	3	4
2147	отвернулся	2	4
2148	поехал	2	3
2149	следить	1	2
2150	кошкой	2	2
2151	зеркало	3	3
2152	заднего	3	3
2153	вида	2	2
2154	читает	2	3
2155	табличку	2	3
2156	написано	3	4
2157	тисовая	4	4
2158	улица	3	3
2159	поправил	2	3
2160	умеют	2	3
2161	потряс	1	2
2162	выбросить	3	3
2163	автомобиль	1	4
2164	ехал	2	2
2165	пригорода	4	4
2166	думал	2	2
2167	крупном	2	2
2168	заказе	2	3
2169	дрели	2	2
2170	рассчитывал	3	4
2171	подъехал	2	3
2172	заполнившие	4	5
2173	голову	3	3
2174	вылетели	4	4
2175	мгновение	3	4
2176	ока	2	2
2177	обычную	3	4
2178	утреннюю	4	4
2179	автомобильную	3	6
2180	пробку	2	2
2181	нечего	3	3
2182	делать	2	2
2183	сторонам	1	3
2184	улицах	3	3
2185	появилось	2	4
2186	переносил	1	4
2187	нелепой	2	3
2188	одежде	2	3
2189	нынешнюю	4	4
2190	расхаживает	4	5
2191	паре	2	2
2192	следующих	4	4
2193	лекций	2	2
2194	задачи	2	3
2195	предметной	2	3
2196	области	3	3
2197	выделить	3	3
2198	группы	2	2
2199	задач	1	2
2200	группа	2	2
2201	лингвистический	3	5
2202	методы	2	3
2203	лингвистического	4	6
2204	направлены	3	4
2205	разбор	1	2
2206	прямо	2	2
2207	извлечения	3	5
2208	признаков	3	3
2209	частично	2	3
2210	пересекаются	3	6
2211	группой	2	2
2212	самостоятельные	4	7
2213	предшествуют	3	4
2214	применению	3	5
2215	методов	3	3
2216	машинного	3	4
2217	обучения	3	5
2218	прикладные	2	4
2219	бизнесу	3	3
2220	пользователю	5	5
2221	решения	3	4
2222	специальные	3	5
2223	надстройки	2	3
2224	входящие	3	4
2225	извлечение	3	5
2226	решаются	3	4
2227	порядке	2	3
2228	отвечает	2	4
2229	морфологии	3	5
2230	семантики	3	4
2231	связи	2	2
2232	предложений	2	4
2233	повествование	3	6
2234	задача	2	3
2235	генерации	3	5
2236	синтез	2	2
2237	каждой	2	2
2238	реализации	3	6
2239	простейшем	2	3
2240	регулярные	3	5
2241	выражения	3	5
2242	находим	2	3
2243	разделительные	4	6
2244	символы	3	3
2245	пробелы	2	3
2246	знаки	2	2
2247	препинания	3	5
2248	соответствуют	3	5
2249	окончанию	3	5
2250	точка	2	2
2251	окончание	3	5
2252	сокращение	3	5
2253	имя	2	2
2254	отчество	3	3
2255	сокращены	1	4
2256	точек	2	2
2257	конец	1	2
2258	убрать	1	2
2259	регулярных	2	4
2260	выражений	2	4
2261	вероятностные	4	6
2262	модели	2	3
2263	совместное	3	4
2264	распределение	3	6
2265	вероятностей	3	5
2266	меток	2	2
2267	моделям	2	3
2268	относятся	3	4
2269	случайные	3	4
2270	условные	3	4
2271	поля	1	2
2272	скрытые	3	3
2273	данном	2	2
2274	курсе	2	2
2275	называются	3	5
2276	самостоятельно	3	6
2277	почитать	1	3
2278	работает	3	4
2279	отдельными	3	4
2280	анализатор	2	5
2281	набор	1	2
2282	сочетаний	2	4
2283	характеристик	2	5
2284	падеж	1	2
2285	число	1	2
2286	выбрать	2	2
2287	одно	1	2
2288	сочетание	3	5
2289	широкий	2	3
2290	контекст	1	2
2291	омонимия	2	5
2292	разрешается	3	5
2293	мыла	2	2
2294	предложит	2	3
2295	варианта	2	4
2296	прошедшее	3	4
2297	женский	2	2
2298	родительный	3	4
2299	единственное	4	5
2300	мыло	2	2
2301	простой	1	2
2302	частотных	2	3
2303	возможные	3	4
2304	варианты	2	4
2305	известны	2	3
2306	достать	1	2
2307	неизвестных	2	4
2308	редких	2	2
2309	системы	2	3
2310	пытаются	3	4
2311	предположить	1	4
2312	выглядеть	3	3
2313	характеристики	3	6
2314	логичный	2	3
2315	вариантов	2	4
2316	предложенных	3	4
2317	морфологическим	3	6
2318	анализатором	3	6
2319	разрешить	1	3
2320	омонимию	2	5
2321	снимается	3	4
2322	рамках	2	2
2323	контекста	2	3
2324	достаточно	3	4
2325	множества	3	3
2326	выбирается	3	5
2327	правилах	2	3
2328	числе	1	2
2329	современный	2	4
2330	вариант	1	3
2331	последовательности	6	7
2332	размеченный	3	4
2333	корпус	2	2
2334	рекуррентные	3	5
2335	улучшить	2	3
2336	качество	3	3
2337	сильнее	2	3
2338	задачах	2	3
2339	центральное	3	4
2340	положение	3	5
2341	машинном	2	3
2342	обучении	3	5
2343	сложилось	2	3
2344	чаще	2	2
2345	вектора	3	3
2346	матрицы	3	3
2347	графы	1	2
2348	деревья	2	3
2349	задачу	2	3
2350	конечной	2	3
2351	причин	1	2
2352	значительная	4	5
2353	разметки	2	3
2354	применить	1	3
2355	корпусам	3	3
2356	хорошие	3	4
2357	признаки	3	3
2358	размеченной	3	4
2359	выборкой	3	3
2360	стороны	3	3
2361	получится	3	4
2362	извлечь	1	2
2363	классификаторы	3	6
2364	бывает	2	3
2365	неплохое	2	4
2366	представление	3	5
2367	популярных	2	4
2368	усложнения	3	5
2369	подхода	2	3
2370	выделим	3	3
2371	основные	3	4
2372	преимущества	3	5
2373	недостатки	2	4
2374	разреженное	4	5
2375	векторное	4	4
2376	популярное	3	5
2377	классических	3	4
2378	подходах	2	3
2379	сложным	2	2
2380	ядерным	3	3
2381	подходам	2	3
2382	обзор	1	2
2383	призванный	3	3
2384	расширить	2	3
2385	кругозор	1	3
2386	правильную	3	4
2387	терминологию	3	6
2388	дальнейшего	3	4
2389	самостоятельного	4	7
2390	изучения	3	5
2391	простейший	2	3
2392	метод	1	2
2393	двоичный	2	3
2394	вектор	2	2
2395	элементы	2	4
2396	отдельным	2	3
2397	словам	1	2
2398	элемент	1	3
2399	равен	2	2
2400	документе	2	4
2401	присутствует	3	4
2402	подходит	2	3
2403	сильно	2	2
2404	отличаются	3	5
2405	длине	1	2
2406	размерность	2	3
2407	векторного	4	4
2408	пространства	2	3
2409	любые	3	3
2410	классы	2	2
2411	линейно	2	3
2412	линейные	3	4
2413	пространствах	2	3
2414	главная	3	3
2415	проблема	2	3
2416	частотные	3	4
2417	специальная	3	5
2418	лексика	3	3
2419	одинаковый	3	5
2420	причине	2	3
2421	чувствителен	3	4
2422	опечаткам	2	4
2423	случайным	2	3
2424	общая	3	3
2425	разреженных	3	4
2426	векторных	3	3
2427	моделей	2	3
2428	предположении	3	6
2429	независимости	4	6
2430	соответствующие	5	7
2431	разным	2	2
2432	заполняются	3	5
2433	независимо	3	5
2434	теряем	2	3
2435	являются	3	4
2436	синонимами	4	5
2437	встретилось	3	3
2438	встретиться	3	3
2439	модель	1	2
2440	обобщаться	2	4
2441	новые	3	3
2442	данные	3	3
2443	переобучения	3	7
2444	информации	3	5
2445	преимущество	3	5
2446	являться	2	3
2447	недостатком	2	4
2448	выборка	3	3
2449	таком	1	2
2450	подходе	2	3
2451	получается	3	5
2452	переобучиться	2	6
2453	работаем	3	4
2454	линейной	2	3
2455	моделью	2	3
2456	согласно	2	3
2457	вдовы	2	2
2458	коммерции	3	4
2459	советника	3	4
2460	богатейших	2	4
2461	миллион	1	3
2462	неизлечимо	2	5
2463	звания	3	3
2464	пола	2	2
2465	возраста	3	3
2466	богадельню	2	4
2467	тридцати	1	3
2468	стариков	1	3
2469	старух	1	2
2470	отмечалось	2	4
2471	церкви	2	2
2472	вечное	3	3
2473	поминовение	3	6
2474	указанных	3	4
2475	родилась	1	3
2476	четырнадцатом	4	5
2477	происходила	2	5
2478	видной	2	2
2479	сибирской	2	3
2480	предпринимательской	3	6
2481	династии	3	4
2482	прапрадед	2	3
2483	переехал	2	4
2484	опыт	2	2
2485	кораблестроителя	3	7
2486	помог	1	2
2487	нажить	1	2
2488	значительное	4	5
2489	богатство	2	3
2490	занимался	2	4
2491	ловлей	2	2
2492	продажей	2	3
2493	рыбы	2	2
2494	перевозил	1	4
2495	грузы	2	2
2496	парусниках	4	4
2497	дедушка	3	3
2498	имел	1	2
2499	пушной	1	2
2500	промысел	3	3
2501	океане	2	4
2502	протяжении	3	5
2503	двадцати	1	3
2504	известен	2	3
2505	выстроил	3	3
2506	каменный	3	3
2507	особняк	1	3
2508	классицизма	2	4
2509	подобно	2	3
2510	петербургским	2	4
2511	богачам	1	3
2512	собственная	4	4
2513	коллекция	3	4
2514	картин	1	2
2515	скульптуры	2	3
2516	уважаемый	3	5
2517	авторитетный	2	5
2518	богатый	2	3
2519	тратить	2	2
2520	объектов	2	3
2521	городе	3	3
2522	распоряжаться	2	5
2523	деньгами	2	3
2524	домашнее	3	4
2525	образование	3	6
2526	брала	1	2
2527	различные	3	4
2528	частные	3	3
2529	уроки	2	3
2530	итальянского	3	5
2531	немецкого	3	4
2532	польского	3	3
2533	ссыльного	3	3
2534	игры	2	2
2535	декабриста	2	4
2536	французского	3	4
2537	шестнадцати	3	4
2538	выходит	2	3
2539	представителя	3	5
2540	богатейшей	2	4
2541	семьи	2	2
2542	династия	3	4
2543	интересная	3	5
2544	корни	2	2
2545	происходили	2	5
2546	крестьян	1	2
2547	царствования	5	5
2548	приехал	2	3
2549	добычей	2	3
2550	пушнины	2	3
2551	миллионером	2	5
2552	чаем	2	2
2553	пушниной	2	3
2554	сороковых	1	4
2555	момента	2	3
2556	последующих	4	5
2557	москвичами	2	4
2558	становятся	3	4
2559	знаменитыми	3	5
2560	благотворителями	4	7
2561	овдовела	2	4
2562	уединилась	2	5
2563	подмосковном	2	4
2564	имении	3	4
2565	прожила	1	3
2566	отличалась	2	4
2567	религиозностью	3	6
2568	пишут	2	2
2569	общались	2	3
2570	прямых	1	2
2571	наследников	3	4
2572	благотворительность	3	6
2573	миллионов	2	4
2574	двести	2	2
2575	крупные	3	3
2576	суммы	2	2
2577	больницам	2	3
2578	школам	2	2
2579	поддержание	3	5
2580	церквей	1	2
2581	монастырей	1	4
2582	сорока	2	3
2583	процентов	2	3
2584	поступило	2	4
2585	городскому	2	4
2586	общественному	4	5
2587	управлению	3	5
2588	пошла	1	2
2589	богадельня	2	4
2590	сада	2	2
2591	принадлежавшем	2	5
2592	земельном	2	3
2593	поверхностно	3	4
2594	сложная	3	3
2595	прикладным	1	3
2596	задачам	2	3
2597	лингвистическому	4	6
2598	анализу	3	4
2599	генератору	3	5
2600	описание	3	5
2601	способов	3	3
2602	описать	1	3
2603	указано	3	4
2604	какое	2	3
2605	делают	3	3
2606	способ	2	2
2607	задать	1	2
2608	способами	4	4
2609	виде	2	2
2610	лексем	1	2
2611	исторически	3	5
2612	практичных	2	3
2613	подходов	2	3
2614	генерация	3	5
2615	поиск	2	2
2616	стараемся	3	4
2617	найти	1	2
2618	подходящий	2	4
2619	имеющихся	4	5
2620	базе	2	2
2621	подход	1	2
2622	альтернативный	2	5
2623	шаблону	2	3
2624	шаблоны	2	3
2625	программистами	3	5
2626	тексте	2	2
2627	сущности	3	3
2628	диалоге	2	4
2629	плохо	2	2
2630	изученный	3	4
2631	начали	3	3
